line_id,year,period_start,period_end,quantity_growth,price_growth,qp_ratio,qp_sign_case,industry_name,indent_level,is_private
1,2019,2019-Q1,2020-Q1,0.013582,0.016481,0.824131,both_positive,Gross domestic product,8,True
1,2020,2020-Q1,2021-Q1,0.018012,0.024697,0.729349,both_positive,Gross domestic product,8,True
1,2021,2021-Q1,2022-Q1,0.040346,0.069990,0.576446,both_positive,Gross domestic product,8,True
1,2022,2022-Q1,2023-Q1,0.023106,0.053221,0.434152,both_positive,Gross domestic product,8,True
1,2023,2023-Q1,2024-Q1,0.028632,0.025352,1.129371,both_positive,Gross domestic product,8,True
1,2024,2024-Q1,2025-Q1,0.020197,0.025980,0.777398,both_positive,Gross domestic product,8,True
1,2025,2025-Q1,2026-Q1,0.026843,0.032916,0.815487,both_positive,Gross domestic product,8,True
2,2019,2019-Q1,2020-Q1,0.012525,0.014662,0.854249,both_positive,Private industries,0,True
2,2020,2020-Q1,2021-Q1,0.024155,0.022831,1.057969,both_positive,Private industries,0,True
2,2021,2021-Q1,2022-Q1,0.043208,0.076112,0.567696,both_positive,Private industries,0,True
2,2022,2022-Q1,2023-Q1,0.025478,0.054214,0.469956,both_positive,Private industries,0,True
2,2023,2023-Q1,2024-Q1,0.029694,0.022970,1.292692,both_positive,Private industries,0,True
2,2024,2024-Q1,2025-Q1,0.020382,0.024733,0.824073,both_positive,Private industries,0,True
2,2025,2025-Q1,2026-Q1,0.031589,0.031624,0.998907,both_positive,Private industries,0,True
3,2019,2019-Q1,2020-Q1,0.036923,0.071123,0.519152,both_positive,"Agriculture, forestry, fishing, and hunting",4,True
3,2020,2020-Q1,2021-Q1,0.042203,0.074837,0.563934,both_positive,"Agriculture, forestry, fishing, and hunting",4,True
3,2021,2021-Q1,2022-Q1,0.007315,0.353441,0.020696,both_positive,"Agriculture, forestry, fishing, and hunting",4,True
3,2022,2022-Q1,2023-Q1,0.063880,0.047033,1.358184,both_positive,"Agriculture, forestry, fishing, and hunting",4,True
3,2023,2023-Q1,2024-Q1,-0.001421,-0.149206,0.009526,both_negative,"Agriculture, forestry, fishing, and hunting",4,True
3,2024,2024-Q1,2025-Q1,-0.024275,0.168979,-0.143656,neg_num_pos_den,"Agriculture, forestry, fishing, and hunting",4,True
3,2025,2025-Q1,2026-Q1,0.057213,-0.240944,-0.237455,pos_num_neg_den,"Agriculture, forestry, fishing, and hunting",4,True
4,2019,2019-Q1,2020-Q1,0.012499,0.101480,0.123165,both_positive,Farms,8,True
4,2020,2020-Q1,2021-Q1,0.080849,0.106832,0.756784,both_positive,Farms,8,True
4,2021,2021-Q1,2022-Q1,0.012388,0.438787,0.028232,both_positive,Farms,8,True
4,2022,2022-Q1,2023-Q1,0.060929,0.038097,1.599309,both_positive,Farms,8,True
4,2023,2023-Q1,2024-Q1,-0.025582,-0.186451,0.137206,both_negative,Farms,8,True
4,2024,2024-Q1,2025-Q1,-0.011076,0.218556,-0.050677,neg_num_pos_den,Farms,8,True
4,2025,2025-Q1,2026-Q1,0.088261,-0.288116,-0.306338,pos_num_neg_den,Farms,8,True
5,2019,2019-Q1,2020-Q1,0.073326,0.011102,6.605059,both_positive,"Forestry, fishing, and related activities",8,True
5,2020,2020-Q1,2021-Q1,0.000735,0.018371,0.039986,both_positive,"Forestry, fishing, and related activities",8,True
5,2021,2021-Q1,2022-Q1,-0.022579,0.059323,-0.380608,neg_num_pos_den,"Forestry, fishing, and related activities",8,True
5,2022,2022-Q1,2023-Q1,0.039659,0.043992,0.901496,both_positive,"Forestry, fishing, and related activities",8,True
5,2023,2023-Q1,2024-Q1,0.077606,0.003663,21.183847,both_positive,"Forestry, fishing, and related activities",8,True
5,2024,2024-Q1,2025-Q1,-0.037822,0.014073,-2.687591,neg_num_pos_den,"Forestry, fishing, and related activities",8,True
5,2025,2025-Q1,2026-Q1,-0.068804,-0.010406,6.612037,both_negative,"Forestry, fishing, and related activities",8,True
6,2019,2019-Q1,2020-Q1,0.071245,-0.251189,-0.283633,pos_num_neg_den,Mining,4,True
6,2020,2020-Q1,2021-Q1,-0.091722,0.279414,-0.328264,neg_num_pos_den,Mining,4,True
6,2021,2021-Q1,2022-Q1,-0.169327,0.782184,-0.216480,neg_num_pos_den,Mining,4,True
6,2022,2022-Q1,2023-Q1,0.271468,-0.244209,-1.111622,pos_num_neg_den,Mining,4,True
6,2023,2023-Q1,2024-Q1,0.159404,-0.127025,-1.254903,pos_num_neg_den,Mining,4,True
6,2024,2024-Q1,2025-Q1,-0.050687,0.066962,-0.756959,neg_num_pos_den,Mining,4,True
6,2025,2025-Q1,2026-Q1,0.093741,0.012652,7.409168,both_positive,Mining,4,True
7,2019,2019-Q1,2020-Q1,0.250865,-0.396038,-0.633436,pos_num_neg_den,Oil and gas extraction,8,True
7,2020,2020-Q1,2021-Q1,-0.137298,0.573882,-0.239245,neg_num_pos_den,Oil and gas extraction,8,True
7,2021,2021-Q1,2022-Q1,-0.305665,1.302060,-0.234755,neg_num_pos_den,Oil and gas extraction,8,True
7,2022,2022-Q1,2023-Q1,0.403222,-0.385655,-1.045550,pos_num_neg_den,Oil and gas extraction,8,True
7,2023,2023-Q1,2024-Q1,0.280617,-0.192275,-1.459457,pos_num_neg_den,Oil and gas extraction,8,True
7,2024,2024-Q1,2025-Q1,-0.080731,0.095556,-0.844849,neg_num_pos_den,Oil and gas extraction,8,True
7,2025,2025-Q1,2026-Q1,0.185660,-0.044257,-4.195088,pos_num_neg_den,Oil and gas extraction,8,True
8,2019,2019-Q1,2020-Q1,0.128942,-0.040518,-3.182355,pos_num_neg_den,"Mining, except oil and gas",8,True
8,2020,2020-Q1,2021-Q1,0.045066,0.137238,0.328375,both_positive,"Mining, except oil and gas",8,True
8,2021,2021-Q1,2022-Q1,-0.071017,0.205779,-0.345112,neg_num_pos_den,"Mining, except oil and gas",8,True
8,2022,2022-Q1,2023-Q1,-0.019090,0.116032,-0.164520,neg_num_pos_den,"Mining, except oil and gas",8,True
8,2023,2023-Q1,2024-Q1,-0.019094,0.013205,-1.445946,neg_num_pos_den,"Mining, except oil and gas",8,True
8,2024,2024-Q1,2025-Q1,-0.025073,0.061004,-0.411007,neg_num_pos_den,"Mining, except oil and gas",8,True
8,2025,2025-Q1,2026-Q1,0.004672,0.176187,0.026519,both_positive,"Mining, except oil and gas",8,True
9,2019,2019-Q1,2020-Q1,-0.305833,0.018407,-16.614820,neg_num_pos_den,Support activities for mining,8,True
9,2020,2020-Q1,2021-Q1,-0.144421,-0.238604,0.605273,both_negative,Support activities for mining,8,True
9,2021,2021-Q1,2022-Q1,0.535820,0.014554,36.815239,both_positive,Support activities for mining,8,True
9,2022,2022-Q1,2023-Q1,0.160333,0.142602,1.124341,both_positive,Support activities for mining,8,True
9,2023,2023-Q1,2024-Q1,0.001717,-0.038739,-0.044323,pos_num_neg_den,Support activities for mining,8,True
9,2024,2024-Q1,2025-Q1,0.033516,-0.016727,-2.003719,pos_num_neg_den,Support activities for mining,8,True
9,2025,2025-Q1,2026-Q1,-0.074467,0.003839,-19.395809,neg_num_pos_den,Support activities for mining,8,True
10,2019,2019-Q1,2020-Q1,0.093851,-0.068932,-1.361505,pos_num_neg_den,Utilities,4,True
10,2020,2020-Q1,2021-Q1,-0.034123,0.227606,-0.149924,neg_num_pos_den,Utilities,4,True
10,2021,2021-Q1,2022-Q1,0.057780,-0.042843,-1.348639,pos_num_neg_den,Utilities,4,True
10,2022,2022-Q1,2023-Q1,-0.007414,0.175475,-0.042249,neg_num_pos_den,Utilities,4,True
10,2023,2023-Q1,2024-Q1,0.052226,-0.063117,-0.827459,pos_num_neg_den,Utilities,4,True
10,2024,2024-Q1,2025-Q1,0.018665,-0.001232,-15.151262,pos_num_neg_den,Utilities,4,True
10,2025,2025-Q1,2026-Q1,0.006765,0.061917,0.109257,both_positive,Utilities,4,True
11,2019,2019-Q1,2020-Q1,-0.008227,0.050044,-0.164393,neg_num_pos_den,Construction,4,True
11,2020,2020-Q1,2021-Q1,0.028314,-0.000449,-63.044484,pos_num_neg_den,Construction,4,True
11,2021,2021-Q1,2022-Q1,-0.024726,0.106414,-0.232358,neg_num_pos_den,Construction,4,True
11,2022,2022-Q1,2023-Q1,-0.070831,0.187388,-0.377990,neg_num_pos_den,Construction,4,True
11,2023,2023-Q1,2024-Q1,0.064665,0.020459,3.160748,both_positive,Construction,4,True
11,2024,2024-Q1,2025-Q1,0.022134,0.015008,1.474825,both_positive,Construction,4,True
11,2025,2025-Q1,2026-Q1,0.007828,0.008796,0.889884,both_positive,Construction,4,True
12,2019,2019-Q1,2020-Q1,-0.014816,-0.002233,6.634814,both_negative,Manufacturing,4,True
12,2020,2020-Q1,2021-Q1,0.041546,-0.001099,-37.789602,pos_num_neg_den,Manufacturing,4,True
12,2021,2021-Q1,2022-Q1,0.018109,0.104303,0.173622,both_positive,Manufacturing,4,True
12,2022,2022-Q1,2023-Q1,-0.035263,0.096828,-0.364187,neg_num_pos_den,Manufacturing,4,True
12,2023,2023-Q1,2024-Q1,0.040318,-0.000187,-216.059904,pos_num_neg_den,Manufacturing,4,True
12,2024,2024-Q1,2025-Q1,0.010165,-0.023378,-0.434806,pos_num_neg_den,Manufacturing,4,True
12,2025,2025-Q1,2026-Q1,0.047607,0.017881,2.662429,both_positive,Manufacturing,4,True
13,2019,2019-Q1,2020-Q1,-0.023457,0.004914,-4.773104,neg_num_pos_den,Durable goods,8,True
13,2020,2020-Q1,2021-Q1,0.038500,-0.018474,-2.084089,pos_num_neg_den,Durable goods,8,True
13,2021,2021-Q1,2022-Q1,0.012586,0.060318,0.208655,both_positive,Durable goods,8,True
13,2022,2022-Q1,2023-Q1,-0.024183,0.091936,-0.263045,neg_num_pos_den,Durable goods,8,True
13,2023,2023-Q1,2024-Q1,-0.001166,0.043439,-0.026835,neg_num_pos_den,Durable goods,8,True
13,2024,2024-Q1,2025-Q1,0.013824,0.001843,7.500643,both_positive,Durable goods,8,True
13,2025,2025-Q1,2026-Q1,0.068731,-0.004158,-16.530386,pos_num_neg_den,Durable goods,8,True
14,2019,2019-Q1,2020-Q1,0.090482,0.007269,12.447147,both_positive,Wood products,12,True
14,2020,2020-Q1,2021-Q1,0.021649,0.370314,0.058461,both_positive,Wood products,12,True
14,2021,2021-Q1,2022-Q1,-0.188650,0.400534,-0.470995,neg_num_pos_den,Wood products,12,True
14,2022,2022-Q1,2023-Q1,0.188923,-0.189421,-0.997374,pos_num_neg_den,Wood products,12,True
14,2023,2023-Q1,2024-Q1,0.019327,-0.034669,-0.557481,pos_num_neg_den,Wood products,12,True
14,2024,2024-Q1,2025-Q1,0.007693,-0.035223,-0.218393,pos_num_neg_den,Wood products,12,True
14,2025,2025-Q1,2026-Q1,0.010081,-0.023519,-0.428635,pos_num_neg_den,Wood products,12,True
15,2019,2019-Q1,2020-Q1,-0.025255,0.054951,-0.459588,neg_num_pos_den,Nonmetallic mineral products,12,True
15,2020,2020-Q1,2021-Q1,0.059860,0.006260,9.562453,both_positive,Nonmetallic mineral products,12,True
15,2021,2021-Q1,2022-Q1,-0.029813,0.086465,-0.344798,neg_num_pos_den,Nonmetallic mineral products,12,True
15,2022,2022-Q1,2023-Q1,-0.111258,0.184352,-0.603510,neg_num_pos_den,Nonmetallic mineral products,12,True
15,2023,2023-Q1,2024-Q1,-0.081065,0.112633,-0.719723,neg_num_pos_den,Nonmetallic mineral products,12,True
15,2024,2024-Q1,2025-Q1,-0.009147,0.014191,-0.644560,neg_num_pos_den,Nonmetallic mineral products,12,True
15,2025,2025-Q1,2026-Q1,0.019426,0.009301,2.088621,both_positive,Nonmetallic mineral products,12,True
16,2019,2019-Q1,2020-Q1,0.273771,-0.273705,-1.000239,pos_num_neg_den,Primary metals,12,True
16,2020,2020-Q1,2021-Q1,-0.054375,-0.033104,1.642577,both_negative,Primary metals,12,True
16,2021,2021-Q1,2022-Q1,-0.116316,0.669927,-0.173624,neg_num_pos_den,Primary metals,12,True
16,2022,2022-Q1,2023-Q1,0.342959,-0.296456,-1.156864,pos_num_neg_den,Primary metals,12,True
16,2023,2023-Q1,2024-Q1,-0.058878,0.030477,-1.931920,neg_num_pos_den,Primary metals,12,True
16,2024,2024-Q1,2025-Q1,0.289124,-0.264934,-1.091306,pos_num_neg_den,Primary metals,12,True
16,2025,2025-Q1,2026-Q1,-0.068765,0.220595,-0.311727,neg_num_pos_den,Primary metals,12,True
17,2019,2019-Q1,2020-Q1,-0.036051,0.048239,-0.747339,neg_num_pos_den,Fabricated metal products,12,True
17,2020,2020-Q1,2021-Q1,-0.012171,-0.056939,0.213745,both_negative,Fabricated metal products,12,True
17,2021,2021-Q1,2022-Q1,-0.046424,0.187033,-0.248213,neg_num_pos_den,Fabricated metal products,12,True
17,2022,2022-Q1,2023-Q1,-0.078793,0.204150,-0.385955,neg_num_pos_den,Fabricated metal products,12,True
17,2023,2023-Q1,2024-Q1,-0.059953,0.077065,-0.777953,neg_num_pos_den,Fabricated metal products,12,True
17,2024,2024-Q1,2025-Q1,-0.025841,0.029645,-0.871673,neg_num_pos_den,Fabricated metal products,12,True
17,2025,2025-Q1,2026-Q1,0.106218,-0.040589,-2.616896,pos_num_neg_den,Fabricated metal products,12,True
18,2019,2019-Q1,2020-Q1,-0.079571,0.059187,-1.344405,neg_num_pos_den,Machinery,12,True
18,2020,2020-Q1,2021-Q1,0.060513,-0.048210,-1.255186,pos_num_neg_den,Machinery,12,True
18,2021,2021-Q1,2022-Q1,0.027596,0.034722,0.794774,both_positive,Machinery,12,True
18,2022,2022-Q1,2023-Q1,-0.078006,0.237454,-0.328512,neg_num_pos_den,Machinery,12,True
18,2023,2023-Q1,2024-Q1,0.007805,0.072794,0.107221,both_positive,Machinery,12,True
18,2024,2024-Q1,2025-Q1,-0.052277,0.039907,-1.309966,neg_num_pos_den,Machinery,12,True
18,2025,2025-Q1,2026-Q1,0.069195,-0.019484,-3.551365,pos_num_neg_den,Machinery,12,True
19,2019,2019-Q1,2020-Q1,0.021449,-0.000806,-26.598752,pos_num_neg_den,Computer and electronic products,12,True
19,2020,2020-Q1,2021-Q1,0.084462,-0.016335,-5.170650,pos_num_neg_den,Computer and electronic products,12,True
19,2021,2021-Q1,2022-Q1,-0.006371,0.015599,-0.408456,neg_num_pos_den,Computer and electronic products,12,True
19,2022,2022-Q1,2023-Q1,-0.045620,0.035954,-1.268859,neg_num_pos_den,Computer and electronic products,12,True
19,2023,2023-Q1,2024-Q1,0.006859,0.023927,0.286652,both_positive,Computer and electronic products,12,True
19,2024,2024-Q1,2025-Q1,0.007811,0.019203,0.406763,both_positive,Computer and electronic products,12,True
19,2025,2025-Q1,2026-Q1,0.025657,0.083803,0.306163,both_positive,Computer and electronic products,12,True
20,2019,2019-Q1,2020-Q1,0.015609,0.001097,14.233636,both_positive,"Electrical equipment, appliances, and components",12,True
20,2020,2020-Q1,2021-Q1,0.030986,-0.038192,-0.811315,pos_num_neg_den,"Electrical equipment, appliances, and components",12,True
20,2021,2021-Q1,2022-Q1,-0.053343,0.164981,-0.323328,neg_num_pos_den,"Electrical equipment, appliances, and components",12,True
20,2022,2022-Q1,2023-Q1,-0.112814,0.250199,-0.450896,neg_num_pos_den,"Electrical equipment, appliances, and components",12,True
20,2023,2023-Q1,2024-Q1,0.031942,0.042076,0.759154,both_positive,"Electrical equipment, appliances, and components",12,True
20,2024,2024-Q1,2025-Q1,0.036286,-0.010241,-3.543232,pos_num_neg_den,"Electrical equipment, appliances, and components",12,True
20,2025,2025-Q1,2026-Q1,0.077319,-0.052683,-1.467619,pos_num_neg_den,"Electrical equipment, appliances, and components",12,True
21,2019,2019-Q1,2020-Q1,-0.083562,0.003031,-27.565023,neg_num_pos_den,"Motor vehicles, bodies and trailers, and parts",12,True
21,2020,2020-Q1,2021-Q1,0.100812,-0.063406,-1.589946,pos_num_neg_den,"Motor vehicles, bodies and trailers, and parts",12,True
21,2021,2021-Q1,2022-Q1,0.226544,-0.194419,-1.165235,pos_num_neg_den,"Motor vehicles, bodies and trailers, and parts",12,True
21,2022,2022-Q1,2023-Q1,-0.055172,0.230215,-0.239654,neg_num_pos_den,"Motor vehicles, bodies and trailers, and parts",12,True
21,2023,2023-Q1,2024-Q1,0.031125,0.016303,1.909201,both_positive,"Motor vehicles, bodies and trailers, and parts",12,True
21,2024,2024-Q1,2025-Q1,0.014990,0.009348,1.603540,both_positive,"Motor vehicles, bodies and trailers, and parts",12,True
21,2025,2025-Q1,2026-Q1,0.171115,-0.156762,-1.091562,pos_num_neg_den,"Motor vehicles, bodies and trailers, and parts",12,True
22,2019,2019-Q1,2020-Q1,-0.080059,0.016884,-4.741875,neg_num_pos_den,Other transportation equipment,12,True
22,2020,2020-Q1,2021-Q1,-0.096484,-0.007521,12.828028,both_negative,Other transportation equipment,12,True
22,2021,2021-Q1,2022-Q1,0.113776,-0.015450,-7.364323,pos_num_neg_den,Other transportation equipment,12,True
22,2022,2022-Q1,2023-Q1,0.064601,0.051421,1.256319,both_positive,Other transportation equipment,12,True
22,2023,2023-Q1,2024-Q1,0.024635,0.045029,0.547089,both_positive,Other transportation equipment,12,True
22,2024,2024-Q1,2025-Q1,0.065388,0.013225,4.944100,both_positive,Other transportation equipment,12,True
22,2025,2025-Q1,2026-Q1,0.135300,-0.011128,-12.158256,pos_num_neg_den,Other transportation equipment,12,True
23,2019,2019-Q1,2020-Q1,-0.063690,0.069823,-0.912166,neg_num_pos_den,Furniture and related products,12,True
23,2020,2020-Q1,2021-Q1,0.006456,-0.055047,-0.117277,pos_num_neg_den,Furniture and related products,12,True
23,2021,2021-Q1,2022-Q1,0.056002,0.070286,0.796769,both_positive,Furniture and related products,12,True
23,2022,2022-Q1,2023-Q1,-0.181454,0.264520,-0.685978,neg_num_pos_den,Furniture and related products,12,True
23,2023,2023-Q1,2024-Q1,-0.020763,0.034317,-0.605046,neg_num_pos_den,Furniture and related products,12,True
23,2024,2024-Q1,2025-Q1,-0.022989,0.032420,-0.709098,neg_num_pos_den,Furniture and related products,12,True
23,2025,2025-Q1,2026-Q1,0.024872,-0.011737,-2.119144,pos_num_neg_den,Furniture and related products,12,True
24,2019,2019-Q1,2020-Q1,-0.059800,0.023906,-2.501524,neg_num_pos_den,Miscellaneous manufacturing,12,True
24,2020,2020-Q1,2021-Q1,0.171692,-0.018854,-9.106473,pos_num_neg_den,Miscellaneous manufacturing,12,True
24,2021,2021-Q1,2022-Q1,0.002559,-0.013652,-0.187467,pos_num_neg_den,Miscellaneous manufacturing,12,True
24,2022,2022-Q1,2023-Q1,-0.046003,0.087778,-0.524079,neg_num_pos_den,Miscellaneous manufacturing,12,True
24,2023,2023-Q1,2024-Q1,0.039105,0.050233,0.778458,both_positive,Miscellaneous manufacturing,12,True
24,2024,2024-Q1,2025-Q1,-0.016366,0.028935,-0.565593,neg_num_pos_den,Miscellaneous manufacturing,12,True
24,2025,2025-Q1,2026-Q1,0.025232,0.031408,0.803374,both_positive,Miscellaneous manufacturing,12,True
25,2019,2019-Q1,2020-Q1,-0.004413,-0.010827,0.407611,both_negative,Nondurable goods,8,True
25,2020,2020-Q1,2021-Q1,0.047309,0.019265,2.455642,both_positive,Nondurable goods,8,True
25,2021,2021-Q1,2022-Q1,0.025035,0.156285,0.160187,both_positive,Nondurable goods,8,True
25,2022,2022-Q1,2023-Q1,-0.047837,0.102368,-0.467305,neg_num_pos_den,Nondurable goods,8,True
25,2023,2023-Q1,2024-Q1,0.089204,-0.046946,-1.900149,pos_num_neg_den,Nondurable goods,8,True
25,2024,2024-Q1,2025-Q1,0.005824,-0.051307,-0.113520,pos_num_neg_den,Nondurable goods,8,True
25,2025,2025-Q1,2026-Q1,0.023897,0.043827,0.545271,both_positive,Nondurable goods,8,True
26,2019,2019-Q1,2020-Q1,0.013646,0.034267,0.398217,both_positive,Food and beverage and tobacco products,12,True
26,2020,2020-Q1,2021-Q1,0.088460,0.016329,5.417375,both_positive,Food and beverage and tobacco products,12,True
26,2021,2021-Q1,2022-Q1,0.024905,-0.059295,-0.420023,pos_num_neg_den,Food and beverage and tobacco products,12,True
26,2022,2022-Q1,2023-Q1,-0.001704,0.143640,-0.011865,neg_num_pos_den,Food and beverage and tobacco products,12,True
26,2023,2023-Q1,2024-Q1,-0.031170,0.097713,-0.318997,neg_num_pos_den,Food and beverage and tobacco products,12,True
26,2024,2024-Q1,2025-Q1,0.041259,-0.076507,-0.539274,pos_num_neg_den,Food and beverage and tobacco products,12,True
26,2025,2025-Q1,2026-Q1,-0.073161,0.137416,-0.532404,neg_num_pos_den,Food and beverage and tobacco products,12,True
27,2019,2019-Q1,2020-Q1,-0.032470,0.019803,-1.639608,neg_num_pos_den,Textile mills and textile product mills,12,True
27,2020,2020-Q1,2021-Q1,0.044949,-0.014817,-3.033622,pos_num_neg_den,Textile mills and textile product mills,12,True
27,2021,2021-Q1,2022-Q1,-0.060980,0.059229,-1.029570,neg_num_pos_den,Textile mills and textile product mills,12,True
27,2022,2022-Q1,2023-Q1,-0.107839,0.080647,-1.337170,neg_num_pos_den,Textile mills and textile product mills,12,True
27,2023,2023-Q1,2024-Q1,-0.035086,0.029915,-1.172861,neg_num_pos_den,Textile mills and textile product mills,12,True
27,2024,2024-Q1,2025-Q1,0.027242,-0.018502,-1.472409,pos_num_neg_den,Textile mills and textile product mills,12,True
27,2025,2025-Q1,2026-Q1,0.030193,0.008779,3.439408,both_positive,Textile mills and textile product mills,12,True
28,2019,2019-Q1,2020-Q1,0.125660,-0.003585,-35.054890,pos_num_neg_den,Apparel and leather and allied products,12,True
28,2020,2020-Q1,2021-Q1,-0.001995,-0.013862,0.143902,both_negative,Apparel and leather and allied products,12,True
28,2021,2021-Q1,2022-Q1,0.087533,0.015592,5.613920,both_positive,Apparel and leather and allied products,12,True
28,2022,2022-Q1,2023-Q1,0.046139,0.032461,1.421375,both_positive,Apparel and leather and allied products,12,True
28,2023,2023-Q1,2024-Q1,-0.050682,0.056522,-0.896682,neg_num_pos_den,Apparel and leather and allied products,12,True
28,2024,2024-Q1,2025-Q1,0.043806,0.006214,7.049490,both_positive,Apparel and leather and allied products,12,True
28,2025,2025-Q1,2026-Q1,-0.040591,-0.003430,11.834512,both_negative,Apparel and leather and allied products,12,True
29,2019,2019-Q1,2020-Q1,0.092790,-0.044999,-2.062059,pos_num_neg_den,Paper products,12,True
29,2020,2020-Q1,2021-Q1,0.005362,-0.012387,-0.432876,pos_num_neg_den,Paper products,12,True
29,2021,2021-Q1,2022-Q1,-0.061374,0.148862,-0.412291,neg_num_pos_den,Paper products,12,True
29,2022,2022-Q1,2023-Q1,-0.115214,0.213081,-0.540703,neg_num_pos_den,Paper products,12,True
29,2023,2023-Q1,2024-Q1,0.021984,-0.045610,-0.482006,pos_num_neg_den,Paper products,12,True
29,2024,2024-Q1,2025-Q1,-0.024091,0.045893,-0.524936,neg_num_pos_den,Paper products,12,True
29,2025,2025-Q1,2026-Q1,0.043728,-0.009815,-4.455295,pos_num_neg_den,Paper products,12,True
30,2019,2019-Q1,2020-Q1,-0.054047,0.027868,-1.939430,neg_num_pos_den,Printing and related support activities,12,True
30,2020,2020-Q1,2021-Q1,-0.032317,-0.005621,5.749615,both_negative,Printing and related support activities,12,True
30,2021,2021-Q1,2022-Q1,-0.063814,0.106042,-0.601786,neg_num_pos_den,Printing and related support activities,12,True
30,2022,2022-Q1,2023-Q1,-0.128435,0.187173,-0.686182,neg_num_pos_den,Printing and related support activities,12,True
30,2023,2023-Q1,2024-Q1,-0.063372,0.055328,-1.145374,neg_num_pos_den,Printing and related support activities,12,True
30,2024,2024-Q1,2025-Q1,-0.003256,0.024761,-0.131514,neg_num_pos_den,Printing and related support activities,12,True
30,2025,2025-Q1,2026-Q1,-0.025252,0.024047,-1.050111,neg_num_pos_den,Printing and related support activities,12,True
31,2019,2019-Q1,2020-Q1,-0.252970,-0.022387,11.299992,both_negative,Petroleum and coal products,12,True
31,2020,2020-Q1,2021-Q1,-0.023110,0.069809,-0.331048,neg_num_pos_den,Petroleum and coal products,12,True
31,2021,2021-Q1,2022-Q1,0.089101,0.743541,0.119833,both_positive,Petroleum and coal products,12,True
31,2022,2022-Q1,2023-Q1,-0.114988,0.137117,-0.838612,neg_num_pos_den,Petroleum and coal products,12,True
31,2023,2023-Q1,2024-Q1,0.448753,-0.308382,-1.455186,pos_num_neg_den,Petroleum and coal products,12,True
31,2024,2024-Q1,2025-Q1,-0.032505,-0.203419,0.159793,both_negative,Petroleum and coal products,12,True
31,2025,2025-Q1,2026-Q1,-0.045843,0.092375,-0.496267,neg_num_pos_den,Petroleum and coal products,12,True
32,2019,2019-Q1,2020-Q1,0.021192,-0.009406,-2.252977,pos_num_neg_den,Chemical products,12,True
32,2020,2020-Q1,2021-Q1,0.067967,0.031602,2.150721,both_positive,Chemical products,12,True
32,2021,2021-Q1,2022-Q1,0.082403,0.109403,0.753200,both_positive,Chemical products,12,True
32,2022,2022-Q1,2023-Q1,-0.030328,0.039287,-0.771950,neg_num_pos_den,Chemical products,12,True
32,2023,2023-Q1,2024-Q1,0.088816,-0.036086,-2.461213,pos_num_neg_den,Chemical products,12,True
32,2024,2024-Q1,2025-Q1,0.012437,-0.000619,-20.084115,pos_num_neg_den,Chemical products,12,True
32,2025,2025-Q1,2026-Q1,0.095996,0.000155,619.724003,both_positive,Chemical products,12,True
33,2019,2019-Q1,2020-Q1,0.002577,0.000900,2.862026,both_positive,Plastics and rubber products,12,True
33,2020,2020-Q1,2021-Q1,0.018446,-0.064242,-0.287132,pos_num_neg_den,Plastics and rubber products,12,True
33,2021,2021-Q1,2022-Q1,-0.101044,0.305158,-0.331119,neg_num_pos_den,Plastics and rubber products,12,True
33,2022,2022-Q1,2023-Q1,-0.101520,0.173435,-0.585346,neg_num_pos_den,Plastics and rubber products,12,True
33,2023,2023-Q1,2024-Q1,0.042640,0.020767,2.053241,both_positive,Plastics and rubber products,12,True
33,2024,2024-Q1,2025-Q1,-0.047003,-0.030197,1.556555,both_negative,Plastics and rubber products,12,True
33,2025,2025-Q1,2026-Q1,0.107035,-0.016182,-6.614364,pos_num_neg_den,Plastics and rubber products,12,True
34,2019,2019-Q1,2020-Q1,0.028466,0.011939,2.384248,both_positive,Wholesale trade,4,True
34,2020,2020-Q1,2021-Q1,-0.008446,0.036634,-0.230553,neg_num_pos_den,Wholesale trade,4,True
34,2021,2021-Q1,2022-Q1,-0.031907,0.173610,-0.183783,neg_num_pos_den,Wholesale trade,4,True
34,2022,2022-Q1,2023-Q1,-0.001298,0.058429,-0.022221,neg_num_pos_den,Wholesale trade,4,True
34,2023,2023-Q1,2024-Q1,-0.028911,0.057589,-0.502019,neg_num_pos_den,Wholesale trade,4,True
34,2024,2024-Q1,2025-Q1,0.003532,0.044519,0.079341,both_positive,Wholesale trade,4,True
34,2025,2025-Q1,2026-Q1,0.034285,0.120573,0.284347,both_positive,Wholesale trade,4,True
35,2019,2019-Q1,2020-Q1,0.004453,0.029816,0.149344,both_positive,Retail trade,4,True
35,2020,2020-Q1,2021-Q1,0.052275,0.087339,0.598528,both_positive,Retail trade,4,True
35,2021,2021-Q1,2022-Q1,-0.103062,0.204372,-0.504287,neg_num_pos_den,Retail trade,4,True
35,2022,2022-Q1,2023-Q1,0.101731,-0.009826,-10.353064,pos_num_neg_den,Retail trade,4,True
35,2023,2023-Q1,2024-Q1,0.121128,-0.062934,-1.924690,pos_num_neg_den,Retail trade,4,True
35,2024,2024-Q1,2025-Q1,0.018834,0.007903,2.383090,both_positive,Retail trade,4,True
35,2025,2025-Q1,2026-Q1,-0.012871,0.073769,-0.174477,neg_num_pos_den,Retail trade,4,True
36,2019,2019-Q1,2020-Q1,-0.080723,0.031243,-2.583688,neg_num_pos_den,Motor vehicle and parts dealers,8,True
36,2020,2020-Q1,2021-Q1,-0.008326,0.214911,-0.038741,neg_num_pos_den,Motor vehicle and parts dealers,8,True
36,2021,2021-Q1,2022-Q1,-0.329805,0.735067,-0.448673,neg_num_pos_den,Motor vehicle and parts dealers,8,True
36,2022,2022-Q1,2023-Q1,0.250892,-0.168410,-1.489768,pos_num_neg_den,Motor vehicle and parts dealers,8,True
36,2023,2023-Q1,2024-Q1,0.548063,-0.338728,-1.618005,pos_num_neg_den,Motor vehicle and parts dealers,8,True
36,2024,2024-Q1,2025-Q1,0.052764,-0.036399,-1.449600,pos_num_neg_den,Motor vehicle and parts dealers,8,True
36,2025,2025-Q1,2026-Q1,0.068909,-0.019574,-3.520405,pos_num_neg_den,Motor vehicle and parts dealers,8,True
37,2019,2019-Q1,2020-Q1,0.075937,0.049794,1.525024,both_positive,Food and beverage stores,8,True
37,2020,2020-Q1,2021-Q1,0.040789,-0.005012,-8.139074,pos_num_neg_den,Food and beverage stores,8,True
37,2021,2021-Q1,2022-Q1,-0.011470,0.073440,-0.156188,neg_num_pos_den,Food and beverage stores,8,True
37,2022,2022-Q1,2023-Q1,-0.079691,0.194918,-0.408844,neg_num_pos_den,Food and beverage stores,8,True
37,2023,2023-Q1,2024-Q1,-0.021994,0.068673,-0.320272,neg_num_pos_den,Food and beverage stores,8,True
37,2024,2024-Q1,2025-Q1,-0.037994,0.041259,-0.920856,neg_num_pos_den,Food and beverage stores,8,True
37,2025,2025-Q1,2026-Q1,0.013208,0.035071,0.376602,both_positive,Food and beverage stores,8,True
38,2019,2019-Q1,2020-Q1,0.044814,-0.013408,-3.342426,pos_num_neg_den,General merchandise stores,8,True
38,2020,2020-Q1,2021-Q1,0.108903,-0.026958,-4.039643,pos_num_neg_den,General merchandise stores,8,True
38,2021,2021-Q1,2022-Q1,-0.037366,0.184937,-0.202047,neg_num_pos_den,General merchandise stores,8,True
38,2022,2022-Q1,2023-Q1,-0.133564,0.166070,-0.804265,neg_num_pos_den,General merchandise stores,8,True
38,2023,2023-Q1,2024-Q1,0.074249,0.013073,5.679548,both_positive,General merchandise stores,8,True
38,2024,2024-Q1,2025-Q1,0.009288,0.023052,0.402930,both_positive,General merchandise stores,8,True
38,2025,2025-Q1,2026-Q1,-0.116619,0.199614,-0.584223,neg_num_pos_den,General merchandise stores,8,True
39,2019,2019-Q1,2020-Q1,0.010880,0.033010,0.329593,both_positive,Other retail,8,True
39,2020,2020-Q1,2021-Q1,0.061823,0.093010,0.664695,both_positive,Other retail,8,True
39,2021,2021-Q1,2022-Q1,-0.035896,0.082840,-0.433313,neg_num_pos_den,Other retail,8,True
39,2022,2022-Q1,2023-Q1,0.155737,-0.021382,-7.283646,pos_num_neg_den,Other retail,8,True
39,2023,2023-Q1,2024-Q1,0.035627,0.017981,1.981443,both_positive,Other retail,8,True
39,2024,2024-Q1,2025-Q1,0.021620,0.015208,1.421598,both_positive,Other retail,8,True
39,2025,2025-Q1,2026-Q1,-0.021701,0.090296,-0.240331,neg_num_pos_den,Other retail,8,True
40,2019,2019-Q1,2020-Q1,0.009927,0.009313,1.065863,both_positive,Transportation and warehousing,4,True
40,2020,2020-Q1,2021-Q1,0.010456,-0.023639,-0.442330,pos_num_neg_den,Transportation and warehousing,4,True
40,2021,2021-Q1,2022-Q1,0.045478,0.201062,0.226189,both_positive,Transportation and warehousing,4,True
40,2022,2022-Q1,2023-Q1,0.005561,0.065283,0.085179,both_positive,Transportation and warehousing,4,True
40,2023,2023-Q1,2024-Q1,0.036431,-0.011863,-3.070936,pos_num_neg_den,Transportation and warehousing,4,True
40,2024,2024-Q1,2025-Q1,0.013703,0.033823,0.405130,both_positive,Transportation and warehousing,4,True
40,2025,2025-Q1,2026-Q1,0.016015,0.025885,0.618701,both_positive,Transportation and warehousing,4,True
41,2019,2019-Q1,2020-Q1,0.079708,0.013135,6.068342,both_positive,Air transportation,8,True
41,2020,2020-Q1,2021-Q1,-0.322793,-0.338917,0.952425,both_negative,Air transportation,8,True
41,2021,2021-Q1,2022-Q1,0.464560,0.323092,1.437855,both_positive,Air transportation,8,True
41,2022,2022-Q1,2023-Q1,0.129882,0.189638,0.684892,both_positive,Air transportation,8,True
41,2023,2023-Q1,2024-Q1,0.033289,-0.007665,-4.343194,pos_num_neg_den,Air transportation,8,True
41,2024,2024-Q1,2025-Q1,0.053662,0.014265,3.761770,both_positive,Air transportation,8,True
41,2025,2025-Q1,2026-Q1,0.030538,0.036518,0.836222,both_positive,Air transportation,8,True
42,2019,2019-Q1,2020-Q1,-0.107664,0.046553,-2.312737,neg_num_pos_den,Rail transportation,8,True
42,2020,2020-Q1,2021-Q1,0.029977,-0.029091,-1.030432,pos_num_neg_den,Rail transportation,8,True
42,2021,2021-Q1,2022-Q1,0.052037,0.032999,1.576922,both_positive,Rail transportation,8,True
42,2022,2022-Q1,2023-Q1,-0.030624,0.146802,-0.208609,neg_num_pos_den,Rail transportation,8,True
42,2023,2023-Q1,2024-Q1,0.008316,0.008462,0.982854,both_positive,Rail transportation,8,True
42,2024,2024-Q1,2025-Q1,-0.064355,0.024580,-2.618200,neg_num_pos_den,Rail transportation,8,True
42,2025,2025-Q1,2026-Q1,-0.006368,-0.012898,0.493687,both_negative,Rail transportation,8,True
43,2019,2019-Q1,2020-Q1,0.030268,-0.069412,-0.436059,pos_num_neg_den,Water transportation,8,True
43,2020,2020-Q1,2021-Q1,0.047610,-0.122074,-0.390013,pos_num_neg_den,Water transportation,8,True
43,2021,2021-Q1,2022-Q1,0.153163,0.350272,0.437267,both_positive,Water transportation,8,True
43,2022,2022-Q1,2023-Q1,-0.203083,0.192063,-1.057375,neg_num_pos_den,Water transportation,8,True
43,2023,2023-Q1,2024-Q1,0.151036,-0.021974,-6.873302,pos_num_neg_den,Water transportation,8,True
43,2024,2024-Q1,2025-Q1,-0.009149,0.009293,-0.984509,neg_num_pos_den,Water transportation,8,True
43,2025,2025-Q1,2026-Q1,0.097165,-0.082323,-1.180292,pos_num_neg_den,Water transportation,8,True
44,2019,2019-Q1,2020-Q1,0.017550,-0.002928,-5.994668,pos_num_neg_den,Truck transportation,8,True
44,2020,2020-Q1,2021-Q1,0.046632,0.047247,0.986994,both_positive,Truck transportation,8,True
44,2021,2021-Q1,2022-Q1,-0.019918,0.205686,-0.096838,neg_num_pos_den,Truck transportation,8,True
44,2022,2022-Q1,2023-Q1,-0.056304,0.084477,-0.666493,neg_num_pos_den,Truck transportation,8,True
44,2023,2023-Q1,2024-Q1,0.040515,-0.065401,-0.619488,pos_num_neg_den,Truck transportation,8,True
44,2024,2024-Q1,2025-Q1,0.026797,-0.007391,-3.625867,pos_num_neg_den,Truck transportation,8,True
44,2025,2025-Q1,2026-Q1,-0.003520,0.048659,-0.072332,neg_num_pos_den,Truck transportation,8,True
45,2019,2019-Q1,2020-Q1,-0.059748,-0.005076,11.770554,both_negative,Transit and ground passenger transportation,8,True
45,2020,2020-Q1,2021-Q1,-0.213915,-0.003677,58.181395,both_negative,Transit and ground passenger transportation,8,True
45,2021,2021-Q1,2022-Q1,0.400507,-0.045589,-8.785105,pos_num_neg_den,Transit and ground passenger transportation,8,True
45,2022,2022-Q1,2023-Q1,0.223122,0.013880,16.074556,both_positive,Transit and ground passenger transportation,8,True
45,2023,2023-Q1,2024-Q1,0.210247,-0.022592,-9.306088,pos_num_neg_den,Transit and ground passenger transportation,8,True
45,2024,2024-Q1,2025-Q1,0.101864,-0.002751,-37.028563,pos_num_neg_den,Transit and ground passenger transportation,8,True
45,2025,2025-Q1,2026-Q1,0.088774,-0.013826,-6.420915,pos_num_neg_den,Transit and ground passenger transportation,8,True
46,2019,2019-Q1,2020-Q1,-0.098841,0.070100,-1.410009,neg_num_pos_den,Pipeline transportation,8,True
46,2020,2020-Q1,2021-Q1,0.113235,0.032836,3.448516,both_positive,Pipeline transportation,8,True
46,2021,2021-Q1,2022-Q1,-0.140547,0.088508,-1.587949,neg_num_pos_den,Pipeline transportation,8,True
46,2022,2022-Q1,2023-Q1,0.052283,0.057241,0.913394,both_positive,Pipeline transportation,8,True
46,2023,2023-Q1,2024-Q1,0.027577,0.012790,2.156100,both_positive,Pipeline transportation,8,True
46,2024,2024-Q1,2025-Q1,0.013864,0.014583,0.950684,both_positive,Pipeline transportation,8,True
46,2025,2025-Q1,2026-Q1,0.029165,0.033031,0.882979,both_positive,Pipeline transportation,8,True
47,2019,2019-Q1,2020-Q1,0.022327,0.034822,0.641175,both_positive,Other transportation and support activities,8,True
47,2020,2020-Q1,2021-Q1,0.199032,0.031765,6.265725,both_positive,Other transportation and support activities,8,True
47,2021,2021-Q1,2022-Q1,-0.094049,0.320952,-0.293033,neg_num_pos_den,Other transportation and support activities,8,True
47,2022,2022-Q1,2023-Q1,0.084943,-0.113990,-0.745174,pos_num_neg_den,Other transportation and support activities,8,True
47,2023,2023-Q1,2024-Q1,-0.035963,0.031283,-1.149591,neg_num_pos_den,Other transportation and support activities,8,True
47,2024,2024-Q1,2025-Q1,-0.020960,0.083707,-0.250396,neg_num_pos_den,Other transportation and support activities,8,True
47,2025,2025-Q1,2026-Q1,0.000495,0.036018,0.013754,both_positive,Other transportation and support activities,8,True
48,2019,2019-Q1,2020-Q1,0.084154,0.006483,12.979831,both_positive,Warehousing and storage,8,True
48,2020,2020-Q1,2021-Q1,0.212776,0.003723,57.155888,both_positive,Warehousing and storage,8,True
48,2021,2021-Q1,2022-Q1,0.050172,0.153920,0.325963,both_positive,Warehousing and storage,8,True
48,2022,2022-Q1,2023-Q1,-0.180784,0.227206,-0.795681,neg_num_pos_den,Warehousing and storage,8,True
48,2023,2023-Q1,2024-Q1,0.061949,0.019630,3.155896,both_positive,Warehousing and storage,8,True
48,2024,2024-Q1,2025-Q1,-0.025491,0.104294,-0.244418,neg_num_pos_den,Warehousing and storage,8,True
48,2025,2025-Q1,2026-Q1,0.001313,0.011478,0.114374,both_positive,Warehousing and storage,8,True
49,2019,2019-Q1,2020-Q1,0.059000,0.004574,12.897747,both_positive,Information,4,True
49,2020,2020-Q1,2021-Q1,0.105252,-0.019578,-5.375926,pos_num_neg_den,Information,4,True
49,2021,2021-Q1,2022-Q1,0.104488,-0.030974,-3.373385,pos_num_neg_den,Information,4,True
49,2022,2022-Q1,2023-Q1,0.068798,-0.002634,-26.119115,pos_num_neg_den,Information,4,True
49,2023,2023-Q1,2024-Q1,0.074565,0.004005,18.619223,both_positive,Information,4,True
49,2024,2024-Q1,2025-Q1,0.055710,-0.003558,-15.659848,pos_num_neg_den,Information,4,True
49,2025,2025-Q1,2026-Q1,0.110192,-0.014811,-7.439842,pos_num_neg_den,Information,4,True
50,2019,2019-Q1,2020-Q1,0.076826,-0.001581,-48.582364,pos_num_neg_den,"Publishing industries, except internet (includes software)",8,True
50,2020,2020-Q1,2021-Q1,0.188831,-0.016708,-11.301644,pos_num_neg_den,"Publishing industries, except internet (includes software)",8,True
50,2021,2021-Q1,2022-Q1,0.075307,-0.028731,-2.621102,pos_num_neg_den,"Publishing industries, except internet (includes software)",8,True
50,2022,2022-Q1,2023-Q1,0.128559,-0.001626,-79.068761,pos_num_neg_den,"Publishing industries, except internet (includes software)",8,True
50,2023,2023-Q1,2024-Q1,0.060638,0.012496,4.852427,both_positive,"Publishing industries, except internet (includes software)",8,True
50,2024,2024-Q1,2025-Q1,0.053195,0.030325,1.754186,both_positive,"Publishing industries, except internet (includes software)",8,True
50,2025,2025-Q1,2026-Q1,0.115516,-0.026643,-4.335681,pos_num_neg_den,"Publishing industries, except internet (includes software)",8,True
51,2019,2019-Q1,2020-Q1,-0.013013,-0.021630,0.601590,both_negative,Motion picture and sound recording industries,8,True
51,2020,2020-Q1,2021-Q1,-0.070502,-0.012579,5.604597,both_negative,Motion picture and sound recording industries,8,True
51,2021,2021-Q1,2022-Q1,0.388310,-0.001897,-204.703257,pos_num_neg_den,Motion picture and sound recording industries,8,True
51,2022,2022-Q1,2023-Q1,-0.000113,0.015599,-0.007234,neg_num_pos_den,Motion picture and sound recording industries,8,True
51,2023,2023-Q1,2024-Q1,-0.001615,0.040495,-0.039875,neg_num_pos_den,Motion picture and sound recording industries,8,True
51,2024,2024-Q1,2025-Q1,0.037147,-0.020403,-1.820661,pos_num_neg_den,Motion picture and sound recording industries,8,True
51,2025,2025-Q1,2026-Q1,0.011922,0.046301,0.257490,both_positive,Motion picture and sound recording industries,8,True
52,2019,2019-Q1,2020-Q1,-0.012265,0.016592,-0.739181,neg_num_pos_den,Broadcasting and telecommunications,8,True
52,2020,2020-Q1,2021-Q1,0.041832,-0.024885,-1.681054,pos_num_neg_den,Broadcasting and telecommunications,8,True
52,2021,2021-Q1,2022-Q1,0.017079,-0.036716,-0.465158,pos_num_neg_den,Broadcasting and telecommunications,8,True
52,2022,2022-Q1,2023-Q1,-0.003900,0.015319,-0.254597,neg_num_pos_den,Broadcasting and telecommunications,8,True
52,2023,2023-Q1,2024-Q1,0.016636,-0.001889,-8.808663,pos_num_neg_den,Broadcasting and telecommunications,8,True
52,2024,2024-Q1,2025-Q1,0.002884,-0.008404,-0.343196,pos_num_neg_den,Broadcasting and telecommunications,8,True
52,2025,2025-Q1,2026-Q1,0.056614,-0.024487,-2.311985,pos_num_neg_den,Broadcasting and telecommunications,8,True
53,2019,2019-Q1,2020-Q1,0.205021,-0.000169,-1213.980530,pos_num_neg_den,"Data processing, internet publishing, and other information services",8,True
53,2020,2020-Q1,2021-Q1,0.175920,-0.013956,-12.605029,pos_num_neg_den,"Data processing, internet publishing, and other information services",8,True
53,2021,2021-Q1,2022-Q1,0.193589,-0.033479,-5.782403,pos_num_neg_den,"Data processing, internet publishing, and other information services",8,True
53,2022,2022-Q1,2023-Q1,0.125212,-0.028469,-4.398270,pos_num_neg_den,"Data processing, internet publishing, and other information services",8,True
53,2023,2023-Q1,2024-Q1,0.172014,-0.005108,-33.675275,pos_num_neg_den,"Data processing, internet publishing, and other information services",8,True
53,2024,2024-Q1,2025-Q1,0.114463,-0.023288,-4.915189,pos_num_neg_den,"Data processing, internet publishing, and other information services",8,True
53,2025,2025-Q1,2026-Q1,0.175069,-0.009187,-19.055207,pos_num_neg_den,"Data processing, internet publishing, and other information services",8,True
54,2019,2019-Q1,2020-Q1,0.016964,0.033361,0.508506,both_positive,"Finance, insurance, real estate, rental, and leasing",4,True
54,2020,2020-Q1,2021-Q1,0.042745,0.013684,3.123807,both_positive,"Finance, insurance, real estate, rental, and leasing",4,True
54,2021,2021-Q1,2022-Q1,0.061771,0.036372,1.698294,both_positive,"Finance, insurance, real estate, rental, and leasing",4,True
54,2022,2022-Q1,2023-Q1,0.012447,0.067716,0.183817,both_positive,"Finance, insurance, real estate, rental, and leasing",4,True
54,2023,2023-Q1,2024-Q1,0.006948,0.058710,0.118347,both_positive,"Finance, insurance, real estate, rental, and leasing",4,True
54,2024,2024-Q1,2025-Q1,0.027065,0.035087,0.771376,both_positive,"Finance, insurance, real estate, rental, and leasing",4,True
54,2025,2025-Q1,2026-Q1,0.022061,0.037942,0.581430,both_positive,"Finance, insurance, real estate, rental, and leasing",4,True
55,2019,2019-Q1,2020-Q1,0.006288,0.035113,0.179083,both_positive,Finance and insurance,8,True
55,2020,2020-Q1,2021-Q1,0.065213,0.005751,11.339033,both_positive,Finance and insurance,8,True
55,2021,2021-Q1,2022-Q1,0.037370,0.050489,0.740152,both_positive,Finance and insurance,8,True
55,2022,2022-Q1,2023-Q1,-0.019593,0.071131,-0.275451,neg_num_pos_den,Finance and insurance,8,True
55,2023,2023-Q1,2024-Q1,-0.012821,0.061850,-0.207289,neg_num_pos_den,Finance and insurance,8,True
55,2024,2024-Q1,2025-Q1,0.018484,0.067662,0.273178,both_positive,Finance and insurance,8,True
55,2025,2025-Q1,2026-Q1,0.032693,0.062020,0.527131,both_positive,Finance and insurance,8,True
56,2019,2019-Q1,2020-Q1,0.071334,-0.029965,-2.380593,pos_num_neg_den,"Federal Reserve banks, credit intermediation, and related activities",12,True
56,2020,2020-Q1,2021-Q1,0.098822,-0.016951,-5.829998,pos_num_neg_den,"Federal Reserve banks, credit intermediation, and related activities",12,True
56,2021,2021-Q1,2022-Q1,-0.010063,0.121798,-0.082617,neg_num_pos_den,"Federal Reserve banks, credit intermediation, and related activities",12,True
56,2022,2022-Q1,2023-Q1,-0.080059,0.144792,-0.552923,neg_num_pos_den,"Federal Reserve banks, credit intermediation, and related activities",12,True
56,2023,2023-Q1,2024-Q1,-0.008185,0.053849,-0.152000,neg_num_pos_den,"Federal Reserve banks, credit intermediation, and related activities",12,True
56,2024,2024-Q1,2025-Q1,0.034420,0.038803,0.887054,both_positive,"Federal Reserve banks, credit intermediation, and related activities",12,True
56,2025,2025-Q1,2026-Q1,0.009691,0.057689,0.167988,both_positive,"Federal Reserve banks, credit intermediation, and related activities",12,True
57,2019,2019-Q1,2020-Q1,-0.115072,0.171673,-0.670296,neg_num_pos_den,"Securities, commodity contracts, and investments",12,True
57,2020,2020-Q1,2021-Q1,0.054070,0.092012,0.587645,both_positive,"Securities, commodity contracts, and investments",12,True
57,2021,2021-Q1,2022-Q1,0.057303,-0.018080,-3.169384,pos_num_neg_den,"Securities, commodity contracts, and investments",12,True
57,2022,2022-Q1,2023-Q1,0.111068,-0.119438,-0.929921,pos_num_neg_den,"Securities, commodity contracts, and investments",12,True
57,2023,2023-Q1,2024-Q1,0.020380,0.066133,0.308162,both_positive,"Securities, commodity contracts, and investments",12,True
57,2024,2024-Q1,2025-Q1,-0.039597,0.170519,-0.232213,neg_num_pos_den,"Securities, commodity contracts, and investments",12,True
57,2025,2025-Q1,2026-Q1,0.113010,0.125226,0.902449,both_positive,"Securities, commodity contracts, and investments",12,True
58,2019,2019-Q1,2020-Q1,-0.008978,0.058690,-0.152981,neg_num_pos_den,Insurance carriers and related activities,12,True
58,2020,2020-Q1,2021-Q1,0.024448,-0.022325,-1.095087,pos_num_neg_den,Insurance carriers and related activities,12,True
58,2021,2021-Q1,2022-Q1,0.077287,0.008733,8.850027,both_positive,Insurance carriers and related activities,12,True
58,2022,2022-Q1,2023-Q1,0.025561,0.054648,0.467744,both_positive,Insurance carriers and related activities,12,True
58,2023,2023-Q1,2024-Q1,-0.027964,0.061766,-0.452743,neg_num_pos_den,Insurance carriers and related activities,12,True
58,2024,2024-Q1,2025-Q1,0.007042,0.066275,0.106255,both_positive,Insurance carriers and related activities,12,True
58,2025,2025-Q1,2026-Q1,-0.000097,0.043551,-0.002216,neg_num_pos_den,Insurance carriers and related activities,12,True
60,2019,2019-Q1,2020-Q1,0.023181,0.032371,0.716097,both_positive,Real estate and rental and leasing,8,True
60,2020,2020-Q1,2021-Q1,0.029823,0.018386,1.622104,both_positive,Real estate and rental and leasing,8,True
60,2021,2021-Q1,2022-Q1,0.076443,0.028140,2.716505,both_positive,Real estate and rental and leasing,8,True
60,2022,2022-Q1,2023-Q1,0.031045,0.065812,0.471712,both_positive,Real estate and rental and leasing,8,True
60,2023,2023-Q1,2024-Q1,0.017945,0.057013,0.314746,both_positive,Real estate and rental and leasing,8,True
60,2024,2024-Q1,2025-Q1,0.031930,0.017448,1.830027,both_positive,Real estate and rental and leasing,8,True
60,2025,2025-Q1,2026-Q1,0.016217,0.024126,0.672151,both_positive,Real estate and rental and leasing,8,True
61,2019,2019-Q1,2020-Q1,0.012523,0.034809,0.359768,both_positive,Real estate,12,True
61,2020,2020-Q1,2021-Q1,0.034508,0.018764,1.839055,both_positive,Real estate,12,True
61,2021,2021-Q1,2022-Q1,0.075564,0.023719,3.185867,both_positive,Real estate,12,True
61,2022,2022-Q1,2023-Q1,0.028382,0.065129,0.435774,both_positive,Real estate,12,True
61,2023,2023-Q1,2024-Q1,0.015406,0.062422,0.246803,both_positive,Real estate,12,True
61,2024,2024-Q1,2025-Q1,0.032890,0.018191,1.808047,both_positive,Real estate,12,True
61,2025,2025-Q1,2026-Q1,0.014618,0.023168,0.630951,both_positive,Real estate,12,True
64,2019,2019-Q1,2020-Q1,0.143294,0.007056,20.307722,both_positive,Rental and leasing services and lessors of intangible assets,12,True
64,2020,2020-Q1,2021-Q1,-0.016905,0.013857,-1.219991,neg_num_pos_den,Rental and leasing services and lessors of intangible assets,12,True
64,2021,2021-Q1,2022-Q1,0.085331,0.074969,1.138205,both_positive,Rental and leasing services and lessors of intangible assets,12,True
64,2022,2022-Q1,2023-Q1,0.057870,0.072243,0.801045,both_positive,Rental and leasing services and lessors of intangible assets,12,True
64,2023,2023-Q1,2024-Q1,0.042969,0.005594,7.680726,both_positive,Rental and leasing services and lessors of intangible assets,12,True
64,2024,2024-Q1,2025-Q1,0.022327,0.010145,2.200685,both_positive,Rental and leasing services and lessors of intangible assets,12,True
64,2025,2025-Q1,2026-Q1,0.032507,0.033654,0.965923,both_positive,Rental and leasing services and lessors of intangible assets,12,True
65,2019,2019-Q1,2020-Q1,0.025626,0.004304,5.954323,both_positive,Professional and business services,4,True
65,2020,2020-Q1,2021-Q1,0.058795,0.003145,18.697121,both_positive,Professional and business services,4,True
65,2021,2021-Q1,2022-Q1,0.117724,0.003609,32.616132,both_positive,Professional and business services,4,True
65,2022,2022-Q1,2023-Q1,0.041484,0.030249,1.371389,both_positive,Professional and business services,4,True
65,2023,2023-Q1,2024-Q1,0.016239,0.035013,0.463801,both_positive,Professional and business services,4,True
65,2024,2024-Q1,2025-Q1,0.023874,0.033764,0.707079,both_positive,Professional and business services,4,True
65,2025,2025-Q1,2026-Q1,0.034917,0.022007,1.586658,both_positive,Professional and business services,4,True
66,2019,2019-Q1,2020-Q1,0.038959,0.002417,16.116041,both_positive,"Professional, scientific, and technical services",8,True
66,2020,2020-Q1,2021-Q1,0.061439,0.001628,37.748564,both_positive,"Professional, scientific, and technical services",8,True
66,2021,2021-Q1,2022-Q1,0.123072,-0.003329,-36.968268,pos_num_neg_den,"Professional, scientific, and technical services",8,True
66,2022,2022-Q1,2023-Q1,0.049176,0.028581,1.720562,both_positive,"Professional, scientific, and technical services",8,True
66,2023,2023-Q1,2024-Q1,0.032424,0.027555,1.176692,both_positive,"Professional, scientific, and technical services",8,True
66,2024,2024-Q1,2025-Q1,0.033493,0.024380,1.373804,both_positive,"Professional, scientific, and technical services",8,True
66,2025,2025-Q1,2026-Q1,0.047915,0.012689,3.775992,both_positive,"Professional, scientific, and technical services",8,True
67,2019,2019-Q1,2020-Q1,-0.026929,0.050704,-0.531112,neg_num_pos_den,Legal services,12,True
67,2020,2020-Q1,2021-Q1,0.057879,0.038138,1.517623,both_positive,Legal services,12,True
67,2021,2021-Q1,2022-Q1,0.023046,0.067700,0.340411,both_positive,Legal services,12,True
67,2022,2022-Q1,2023-Q1,-0.027814,0.048146,-0.577709,neg_num_pos_den,Legal services,12,True
67,2023,2023-Q1,2024-Q1,-0.024897,0.075017,-0.331887,neg_num_pos_den,Legal services,12,True
67,2024,2024-Q1,2025-Q1,-0.011384,0.095880,-0.118735,neg_num_pos_den,Legal services,12,True
67,2025,2025-Q1,2026-Q1,0.020738,0.086680,0.239244,both_positive,Legal services,12,True
68,2019,2019-Q1,2020-Q1,0.063526,-0.033372,-1.903580,pos_num_neg_den,Computer systems design and related services,12,True
68,2020,2020-Q1,2021-Q1,0.128509,-0.045503,-2.824202,pos_num_neg_den,Computer systems design and related services,12,True
68,2021,2021-Q1,2022-Q1,0.146520,-0.056899,-2.575097,pos_num_neg_den,Computer systems design and related services,12,True
68,2022,2022-Q1,2023-Q1,0.056499,0.013690,4.127036,both_positive,Computer systems design and related services,12,True
68,2023,2023-Q1,2024-Q1,0.091890,-0.039706,-2.314251,pos_num_neg_den,Computer systems design and related services,12,True
68,2024,2024-Q1,2025-Q1,0.064840,-0.001421,-45.615152,pos_num_neg_den,Computer systems design and related services,12,True
68,2025,2025-Q1,2026-Q1,0.109737,-0.055868,-1.964214,pos_num_neg_den,Computer systems design and related services,12,True
69,2019,2019-Q1,2020-Q1,0.049646,0.002536,19.573844,both_positive,"Miscellaneous professional, scientific, and technical services",12,True
69,2020,2020-Q1,2021-Q1,0.036828,0.010384,3.546463,both_positive,"Miscellaneous professional, scientific, and technical services",12,True
69,2021,2021-Q1,2022-Q1,0.145201,-0.002242,-64.767182,pos_num_neg_den,"Miscellaneous professional, scientific, and technical services",12,True
69,2022,2022-Q1,2023-Q1,0.068775,0.028782,2.389517,both_positive,"Miscellaneous professional, scientific, and technical services",12,True
69,2023,2023-Q1,2024-Q1,0.027120,0.040533,0.669096,both_positive,"Miscellaneous professional, scientific, and technical services",12,True
69,2024,2024-Q1,2025-Q1,0.034746,0.015356,2.262667,both_positive,"Miscellaneous professional, scientific, and technical services",12,True
69,2025,2025-Q1,2026-Q1,0.033976,0.018543,1.832320,both_positive,"Miscellaneous professional, scientific, and technical services",12,True
70,2019,2019-Q1,2020-Q1,0.012527,-0.015752,-0.795233,pos_num_neg_den,Management of companies and enterprises,8,True
70,2020,2020-Q1,2021-Q1,0.089426,-0.017194,-5.201009,pos_num_neg_den,Management of companies and enterprises,8,True
70,2021,2021-Q1,2022-Q1,0.092905,-0.010381,-8.949412,pos_num_neg_den,Management of companies and enterprises,8,True
70,2022,2022-Q1,2023-Q1,0.057738,-0.004374,-13.201678,pos_num_neg_den,Management of companies and enterprises,8,True
70,2023,2023-Q1,2024-Q1,0.033064,0.026498,1.247773,both_positive,Management of companies and enterprises,8,True
70,2024,2024-Q1,2025-Q1,0.009456,0.076881,0.122990,both_positive,Management of companies and enterprises,8,True
70,2025,2025-Q1,2026-Q1,0.006267,0.034988,0.179113,both_positive,Management of companies and enterprises,8,True
71,2019,2019-Q1,2020-Q1,0.001097,0.021239,0.051631,both_positive,Administrative and waste management services,8,True
71,2020,2020-Q1,2021-Q1,0.033639,0.020128,1.671225,both_positive,Administrative and waste management services,8,True
71,2021,2021-Q1,2022-Q1,0.118708,0.030055,3.949644,both_positive,Administrative and waste management services,8,True
71,2022,2022-Q1,2023-Q1,0.013456,0.054855,0.245306,both_positive,Administrative and waste management services,8,True
71,2023,2023-Q1,2024-Q1,-0.032499,0.059142,-0.549508,neg_num_pos_den,Administrative and waste management services,8,True
71,2024,2024-Q1,2025-Q1,0.007853,0.033085,0.237347,both_positive,Administrative and waste management services,8,True
71,2025,2025-Q1,2026-Q1,0.018762,0.038842,0.483028,both_positive,Administrative and waste management services,8,True
72,2019,2019-Q1,2020-Q1,0.002629,0.016702,0.157376,both_positive,Administrative and support services,12,True
72,2020,2020-Q1,2021-Q1,0.033495,0.017634,1.899526,both_positive,Administrative and support services,12,True
72,2021,2021-Q1,2022-Q1,0.119421,0.034533,3.458185,both_positive,Administrative and support services,12,True
72,2022,2022-Q1,2023-Q1,0.019470,0.043881,0.443710,both_positive,Administrative and support services,12,True
72,2023,2023-Q1,2024-Q1,-0.032932,0.056142,-0.586580,neg_num_pos_den,Administrative and support services,12,True
72,2024,2024-Q1,2025-Q1,0.011354,0.026138,0.434373,both_positive,Administrative and support services,12,True
72,2025,2025-Q1,2026-Q1,0.023355,0.038982,0.599125,both_positive,Administrative and support services,12,True
73,2019,2019-Q1,2020-Q1,-0.013960,0.068509,-0.203764,neg_num_pos_den,Waste management and remediation services,12,True
73,2020,2020-Q1,2021-Q1,0.035962,0.044509,0.807958,both_positive,Waste management and remediation services,12,True
73,2021,2021-Q1,2022-Q1,0.110531,-0.013810,-8.003568,pos_num_neg_den,Waste management and remediation services,12,True
73,2022,2022-Q1,2023-Q1,-0.044946,0.172238,-0.260952,neg_num_pos_den,Waste management and remediation services,12,True
73,2023,2023-Q1,2024-Q1,-0.028526,0.089325,-0.319350,neg_num_pos_den,Waste management and remediation services,12,True
73,2024,2024-Q1,2025-Q1,-0.024019,0.099927,-0.240362,neg_num_pos_den,Waste management and remediation services,12,True
73,2025,2025-Q1,2026-Q1,-0.023779,0.037735,-0.630161,neg_num_pos_den,Waste management and remediation services,12,True
74,2019,2019-Q1,2020-Q1,0.013923,0.023944,0.581459,both_positive,"Educational services, health care, and social assistance",4,True
74,2020,2020-Q1,2021-Q1,-0.007355,0.030707,-0.239538,neg_num_pos_den,"Educational services, health care, and social assistance",4,True
74,2021,2021-Q1,2022-Q1,0.057524,0.014864,3.870123,both_positive,"Educational services, health care, and social assistance",4,True
74,2022,2022-Q1,2023-Q1,0.049604,0.037365,1.327562,both_positive,"Educational services, health care, and social assistance",4,True
74,2023,2023-Q1,2024-Q1,0.036293,0.042951,0.844990,both_positive,"Educational services, health care, and social assistance",4,True
74,2024,2024-Q1,2025-Q1,0.044434,0.024872,1.786457,both_positive,"Educational services, health care, and social assistance",4,True
74,2025,2025-Q1,2026-Q1,0.034709,0.027794,1.248779,both_positive,"Educational services, health care, and social assistance",4,True
75,2019,2019-Q1,2020-Q1,-0.002978,0.029546,-0.100783,neg_num_pos_den,Educational services,8,True
75,2020,2020-Q1,2021-Q1,-0.080388,0.027709,-2.901103,neg_num_pos_den,Educational services,8,True
75,2021,2021-Q1,2022-Q1,0.091409,0.019094,4.787276,both_positive,Educational services,8,True
75,2022,2022-Q1,2023-Q1,0.041631,0.037072,1.122976,both_positive,Educational services,8,True
75,2023,2023-Q1,2024-Q1,0.023825,0.034218,0.696262,both_positive,Educational services,8,True
75,2024,2024-Q1,2025-Q1,0.020688,0.028013,0.738504,both_positive,Educational services,8,True
75,2025,2025-Q1,2026-Q1,-0.003211,0.030101,-0.106691,neg_num_pos_den,Educational services,8,True
76,2019,2019-Q1,2020-Q1,0.016733,0.023015,0.727059,both_positive,Health care and social assistance,8,True
76,2020,2020-Q1,2021-Q1,0.004754,0.031179,0.152489,both_positive,Health care and social assistance,8,True
76,2021,2021-Q1,2022-Q1,0.052387,0.014211,3.686288,both_positive,Health care and social assistance,8,True
76,2022,2022-Q1,2023-Q1,0.050852,0.037421,1.358941,both_positive,Health care and social assistance,8,True
76,2023,2023-Q1,2024-Q1,0.038222,0.044310,0.862600,both_positive,Health care and social assistance,8,True
76,2024,2024-Q1,2025-Q1,0.048073,0.024394,1.970715,both_positive,Health care and social assistance,8,True
76,2025,2025-Q1,2026-Q1,0.040361,0.027446,1.470575,both_positive,Health care and social assistance,8,True
77,2019,2019-Q1,2020-Q1,0.007413,0.014150,0.523882,both_positive,Ambulatory health care services,12,True
77,2020,2020-Q1,2021-Q1,0.023256,0.033134,0.701867,both_positive,Ambulatory health care services,12,True
77,2021,2021-Q1,2022-Q1,0.064396,0.009117,7.063183,both_positive,Ambulatory health care services,12,True
77,2022,2022-Q1,2023-Q1,0.084638,0.006640,12.746796,both_positive,Ambulatory health care services,12,True
77,2023,2023-Q1,2024-Q1,0.050924,0.027588,1.845877,both_positive,Ambulatory health care services,12,True
77,2024,2024-Q1,2025-Q1,0.051071,0.016143,3.163675,both_positive,Ambulatory health care services,12,True
77,2025,2025-Q1,2026-Q1,0.034040,0.032872,1.035517,both_positive,Ambulatory health care services,12,True
78,2019,2019-Q1,2020-Q1,0.012482,0.025073,0.497817,both_positive,Hospitals,12,True
78,2020,2020-Q1,2021-Q1,0.022287,0.024413,0.912915,both_positive,Hospitals,12,True
78,2021,2021-Q1,2022-Q1,0.014697,0.024624,0.596856,both_positive,Hospitals,12,True
78,2022,2022-Q1,2023-Q1,0.013491,0.059672,0.226084,both_positive,Hospitals,12,True
78,2023,2023-Q1,2024-Q1,0.016142,0.060653,0.266136,both_positive,Hospitals,12,True
78,2024,2024-Q1,2025-Q1,0.038867,0.033600,1.156757,both_positive,Hospitals,12,True
78,2025,2025-Q1,2026-Q1,0.052678,0.012882,4.089242,both_positive,Hospitals,12,True
79,2019,2019-Q1,2020-Q1,0.054665,0.042160,1.296616,both_positive,Nursing and residential care facilities,12,True
79,2020,2020-Q1,2021-Q1,-0.087389,0.034851,-2.507512,neg_num_pos_den,Nursing and residential care facilities,12,True
79,2021,2021-Q1,2022-Q1,0.070318,0.006326,11.115901,both_positive,Nursing and residential care facilities,12,True
79,2022,2022-Q1,2023-Q1,0.023551,0.078365,0.300529,both_positive,Nursing and residential care facilities,12,True
79,2023,2023-Q1,2024-Q1,0.019991,0.059748,0.334583,both_positive,Nursing and residential care facilities,12,True
79,2024,2024-Q1,2025-Q1,0.045674,0.025692,1.777737,both_positive,Nursing and residential care facilities,12,True
79,2025,2025-Q1,2026-Q1,0.025470,0.035855,0.710345,both_positive,Nursing and residential care facilities,12,True
80,2019,2019-Q1,2020-Q1,0.039685,0.042017,0.944512,both_positive,Social assistance,12,True
80,2020,2020-Q1,2021-Q1,-0.047225,0.040754,-1.158763,neg_num_pos_den,Social assistance,12,True
80,2021,2021-Q1,2022-Q1,0.106317,0.013562,7.839351,both_positive,Social assistance,12,True
80,2022,2022-Q1,2023-Q1,0.036015,0.083550,0.431060,both_positive,Social assistance,12,True
80,2023,2023-Q1,2024-Q1,0.064440,0.062146,1.036921,both_positive,Social assistance,12,True
80,2024,2024-Q1,2025-Q1,0.064788,0.034440,1.881193,both_positive,Social assistance,12,True
80,2025,2025-Q1,2026-Q1,0.047180,0.038386,1.229096,both_positive,Social assistance,12,True
81,2019,2019-Q1,2020-Q1,-0.058892,0.035710,-1.649193,neg_num_pos_den,"Arts, entertainment, recreation, accommodation, and food services",4,True
81,2020,2020-Q1,2021-Q1,-0.141796,0.026038,-5.445677,neg_num_pos_den,"Arts, entertainment, recreation, accommodation, and food services",4,True
81,2021,2021-Q1,2022-Q1,0.206506,0.085631,2.411577,both_positive,"Arts, entertainment, recreation, accommodation, and food services",4,True
81,2022,2022-Q1,2023-Q1,0.079383,0.089368,0.888275,both_positive,"Arts, entertainment, recreation, accommodation, and food services",4,True
81,2023,2023-Q1,2024-Q1,-0.001903,0.073376,-0.025934,neg_num_pos_den,"Arts, entertainment, recreation, accommodation, and food services",4,True
81,2024,2024-Q1,2025-Q1,-0.010974,0.043194,-0.254065,neg_num_pos_den,"Arts, entertainment, recreation, accommodation, and food services",4,True
81,2025,2025-Q1,2026-Q1,0.028981,0.024313,1.192002,both_positive,"Arts, entertainment, recreation, accommodation, and food services",4,True
82,2019,2019-Q1,2020-Q1,-0.008858,0.053104,-0.166809,neg_num_pos_den,"Arts, entertainment, and recreation",8,True
82,2020,2020-Q1,2021-Q1,-0.172104,-0.013308,12.932099,both_negative,"Arts, entertainment, and recreation",8,True
82,2021,2021-Q1,2022-Q1,0.198006,0.055845,3.545649,both_positive,"Arts, entertainment, and recreation",8,True
82,2022,2022-Q1,2023-Q1,0.159907,0.061204,2.612679,both_positive,"Arts, entertainment, and recreation",8,True
82,2023,2023-Q1,2024-Q1,-0.028755,0.085512,-0.336265,neg_num_pos_den,"Arts, entertainment, and recreation",8,True
82,2024,2024-Q1,2025-Q1,0.052346,0.045025,1.162608,both_positive,"Arts, entertainment, and recreation",8,True
82,2025,2025-Q1,2026-Q1,0.054056,0.012072,4.477779,both_positive,"Arts, entertainment, and recreation",8,True
83,2019,2019-Q1,2020-Q1,0.029714,0.047911,0.620185,both_positive,"Performing arts, spectator sports, museums, and related activities",12,True
83,2020,2020-Q1,2021-Q1,-0.206732,-0.028883,7.157578,both_negative,"Performing arts, spectator sports, museums, and related activities",12,True
83,2021,2021-Q1,2022-Q1,0.179459,0.060310,2.975629,both_positive,"Performing arts, spectator sports, museums, and related activities",12,True
83,2022,2022-Q1,2023-Q1,0.228135,0.029947,7.618062,both_positive,"Performing arts, spectator sports, museums, and related activities",12,True
83,2023,2023-Q1,2024-Q1,-0.059719,0.104723,-0.570258,neg_num_pos_den,"Performing arts, spectator sports, museums, and related activities",12,True
83,2024,2024-Q1,2025-Q1,0.095329,0.042446,2.245874,both_positive,"Performing arts, spectator sports, museums, and related activities",12,True
83,2025,2025-Q1,2026-Q1,0.074861,-0.006248,-11.981042,pos_num_neg_den,"Performing arts, spectator sports, museums, and related activities",12,True
84,2019,2019-Q1,2020-Q1,-0.063696,0.061852,-1.029817,neg_num_pos_den,"Amusements, gambling, and recreation industries",12,True
84,2020,2020-Q1,2021-Q1,-0.117872,0.007203,-16.363162,neg_num_pos_den,"Amusements, gambling, and recreation industries",12,True
84,2021,2021-Q1,2022-Q1,0.223410,0.049113,4.548942,both_positive,"Amusements, gambling, and recreation industries",12,True
84,2022,2022-Q1,2023-Q1,0.074661,0.104356,0.715446,both_positive,"Amusements, gambling, and recreation industries",12,True
84,2023,2023-Q1,2024-Q1,0.015287,0.059882,0.255285,both_positive,"Amusements, gambling, and recreation industries",12,True
84,2024,2024-Q1,2025-Q1,-0.004574,0.047763,-0.095763,neg_num_pos_den,"Amusements, gambling, and recreation industries",12,True
84,2025,2025-Q1,2026-Q1,0.024253,0.039575,0.612824,both_positive,"Amusements, gambling, and recreation industries",12,True
85,2019,2019-Q1,2020-Q1,-0.076508,0.030185,-2.534657,neg_num_pos_den,Accommodation and food services,8,True
85,2020,2020-Q1,2021-Q1,-0.129740,0.038856,-3.338995,neg_num_pos_den,Accommodation and food services,8,True
85,2021,2021-Q1,2022-Q1,0.209857,0.094908,2.211155,both_positive,Accommodation and food services,8,True
85,2022,2022-Q1,2023-Q1,0.054255,0.098806,0.549107,both_positive,Accommodation and food services,8,True
85,2023,2023-Q1,2024-Q1,0.007249,0.069411,0.104430,both_positive,Accommodation and food services,8,True
85,2024,2024-Q1,2025-Q1,-0.031704,0.042235,-0.750656,neg_num_pos_den,Accommodation and food services,8,True
85,2025,2025-Q1,2026-Q1,0.019946,0.028856,0.691216,both_positive,Accommodation and food services,8,True
86,2019,2019-Q1,2020-Q1,-0.018212,-0.013096,1.390640,both_negative,Accommodation,12,True
86,2020,2020-Q1,2021-Q1,-0.245410,-0.059055,4.155593,both_negative,Accommodation,12,True
86,2021,2021-Q1,2022-Q1,0.277034,0.206802,1.339612,both_positive,Accommodation,12,True
86,2022,2022-Q1,2023-Q1,0.138451,0.050241,2.755726,both_positive,Accommodation,12,True
86,2023,2023-Q1,2024-Q1,0.036436,0.028898,1.260858,both_positive,Accommodation,12,True
86,2024,2024-Q1,2025-Q1,-0.032318,0.070613,-0.457681,neg_num_pos_den,Accommodation,12,True
86,2025,2025-Q1,2026-Q1,0.041369,0.004549,9.093753,both_positive,Accommodation,12,True
87,2019,2019-Q1,2020-Q1,-0.097340,0.048298,-2.015396,neg_num_pos_den,Food services and drinking places,12,True
87,2020,2020-Q1,2021-Q1,-0.085782,0.073800,-1.162355,neg_num_pos_den,Food services and drinking places,12,True
87,2021,2021-Q1,2022-Q1,0.191034,0.058458,3.267869,both_positive,Food services and drinking places,12,True
87,2022,2022-Q1,2023-Q1,0.024655,0.117471,0.209884,both_positive,Food services and drinking places,12,True
87,2023,2023-Q1,2024-Q1,-0.003043,0.084531,-0.035995,neg_num_pos_den,Food services and drinking places,12,True
87,2024,2024-Q1,2025-Q1,-0.031650,0.031990,-0.989357,neg_num_pos_den,Food services and drinking places,12,True
87,2025,2025-Q1,2026-Q1,0.011789,0.038387,0.307110,both_positive,Food services and drinking places,12,True
88,2019,2019-Q1,2020-Q1,-0.013841,0.046658,-0.296651,neg_num_pos_den,"Other services, except government",4,False
88,2020,2020-Q1,2021-Q1,-0.085965,0.040411,-2.127281,neg_num_pos_den,"Other services, except government",4,False
88,2021,2021-Q1,2022-Q1,0.087022,0.059683,1.458072,both_positive,"Other services, except government",4,False
88,2022,2022-Q1,2023-Q1,-0.019506,0.125329,-0.155637,neg_num_pos_den,"Other services, except government",4,False
88,2023,2023-Q1,2024-Q1,-0.042572,0.095573,-0.445437,neg_num_pos_den,"Other services, except government",4,False
88,2024,2024-Q1,2025-Q1,-0.016343,0.065452,-0.249690,neg_num_pos_den,"Other services, except government",4,False
88,2025,2025-Q1,2026-Q1,0.006020,0.045560,0.132133,both_positive,"Other services, except government",4,False
